"","OB_END_TIME","MAX_AIR_TEMP"
"1","1945-07-01 21:00",11.7
"2","1945-08-01 21:00",14.4
"3","1945-09-01 21:00",12.2
"4","1945-10-01 21:00",13.9
"5","1945-11-01 21:00",12.2
"6","1945-12-01 21:00",9.4
"7","1946-01-01 21:00",6.7
"8","1946-02-01 21:00",6.7
"9","1946-03-01 21:00",0.6
"10","1946-04-01 21:00",9.4
"11","1946-05-01 21:00",10
"12","1946-06-01 21:00",11.7
"13","1946-07-01 21:00",13.9
"14","1946-08-01 21:00",14.4
"15","1946-09-01 21:00",13.9
"16","1946-10-01 21:00",11.7
"17","1946-11-01 21:00",10
"18","1946-12-01 21:00",7.2
"19","1947-01-01 21:00",6.7
"20","1947-02-01 21:00",2.2
"21","1947-03-01 21:00",0.6
"22","1947-04-01 21:00",5.6
"23","1947-05-01 21:00",8.3
"24","1947-06-01 21:00",11.1
"25","1947-07-01 21:00",16.1
"26","1947-08-01 21:00",16.7
"27","1947-09-01 21:00",16.7
"28","1947-10-01 21:00",10
"29","1947-11-01 21:00",10
"30","1947-12-01 21:00",3.3
"31","1948-01-01 21:00",4.4
"32","1948-02-01 21:00",7.8
"33","1948-03-01 21:00",6.1
"34","1948-04-01 21:00",7.8
"35","1948-05-01 21:00",8.3
"36","1948-06-01 21:00",11.1
"37","1948-07-01 21:00",11.1
"38","1948-08-01 21:00",13.3
"39","1948-09-01 21:00",11.7
"40","1948-10-01 21:00",12.8
"41","1948-11-01 21:00",9.4
"42","1948-12-01 21:00",8.9
"43","1949-01-01 21:00",7.8
"44","1949-02-01 21:00",5.6
"45","1949-03-01 21:00",0.6
"46","1949-04-01 21:00",7.2
"47","1949-05-01 21:00",12.2
"48","1949-06-01 21:00",12.2
"49","1949-07-01 21:00",15
"50","1949-08-01 21:00",14.4
"51","1949-09-01 21:00",13.3
"52","1949-10-01 21:00",11.7
"53","1949-11-01 21:00",10.6
"54","1949-12-01 21:00",4.4
"55","1950-01-01 21:00",8.3
"56","1950-02-01 21:00",4.4
"57","1950-03-01 21:00",6.1
"58","1950-04-01 21:00",7.2
"59","1950-05-01 21:00",9.4
"60","1950-06-01 21:00",13.9
"61","1950-07-01 21:00",10
"62","1950-08-01 21:00",16.1
"63","1950-09-01 21:00",13.3
"64","1950-10-01 21:00",11.1
"65","1950-11-01 21:00",10
"66","1950-12-01 21:00",2.8
"67","1951-01-01 21:00",2.8
"68","1951-02-01 21:00",6.7
"69","1951-03-01 21:00",7.2
"70","1951-04-01 21:00",3.9
"71","1951-05-01 21:00",8.3
"72","1951-06-01 21:00",11.1
"73","1951-07-01 21:00",11.7
"74","1951-08-01 21:00",17.2
"75","1951-09-01 21:00",14.4
"76","1951-10-01 21:00",12.8
"77","1951-11-01 21:00",9.4
"78","1951-12-01 21:00",2.2
"79","1952-01-01 21:00",4.4
"80","1952-02-01 21:00",1.7
"81","1952-03-01 21:00",0.6
"82","1952-04-01 21:00",5
"83","1952-05-01 21:00",10.6
"84","1952-06-01 21:00",9.4
"85","1952-07-01 21:00",16.7
"86","1952-08-01 21:00",12.8
"87","1952-09-01 21:00",13.3
"88","1952-10-01 21:00",10.6
"89","1952-11-01 21:00",9.4
"90","1952-12-01 21:00",7.2
"91","1953-01-01 21:00",3.3
"92","1953-02-01 21:00",1.7
"93","1953-03-01 21:00",8.9
"94","1953-04-01 21:00",6.1
"95","1953-05-01 21:00",10
"96","1953-06-01 21:00",10
"97","1953-07-01 21:00",12.8
"98","1953-08-01 21:00",15
"99","1953-09-01 21:00",12.8
"100","1953-10-01 21:00",15
"101","1953-11-01 21:00",10
"102","1953-12-01 21:00",10.6
"103","1954-01-01 21:00",8.9
"104","1954-02-01 21:00",1.7
"105","1954-03-01 21:00",0.6
"106","1954-04-01 21:00",8.3
"107","1954-05-01 21:00",7.2
"108","1954-06-01 21:00",10.6
"109","1954-07-01 21:00",12.8
"110","1954-08-01 21:00",14.4
"111","1954-09-01 21:00",12.8
"112","1954-10-01 21:00",7.8
"113","1954-11-01 21:00",7.2
"114","1954-12-01 21:00",8.9
"115","1955-01-01 21:00",6.1
"116","1955-02-01 21:00",7.2
"117","1955-03-01 21:00",4.4
"118","1955-04-01 21:00",8.9
"119","1955-05-01 21:00",11.1
"120","1955-06-01 21:00",10.6
"121","1955-07-01 21:00",13.3
"122","1955-08-01 21:00",15
"123","1955-09-01 21:00",12.2
"124","1955-10-01 21:00",10.6
"125","1955-11-01 21:00",9.4
"126","1955-12-01 21:00",9.4
"127","1956-01-01 21:00",3.9
"128","1956-02-01 21:00",-3.3
"129","1956-03-01 21:00",7.8
"130","1956-04-01 21:00",8.9
"131","1956-05-01 21:00",7.2
"132","1956-06-01 21:00",12.2
"133","1956-07-01 21:00",11.7
"134","1956-08-01 21:00",11.7
"135","1956-09-01 21:00",12.8
"136","1956-10-01 21:00",10.6
"137","1956-11-01 21:00",8.9
"138","1956-12-01 21:00",6.7
"139","1957-01-01 21:00",6.1
"140","1957-02-01 21:00",5.6
"141","1957-03-01 21:00",7.8
"142","1957-04-01 21:00",6.1
"143","1957-05-01 21:00",9.4
"144","1957-06-01 21:00",11.1
"145","1957-07-01 21:00",13.3
"146","1957-08-01 21:00",14.4
"147","1957-09-01 21:00",14.4
"148","1957-10-01 21:00",9.4
"149","1957-11-01 21:00",7.8
"150","1957-12-01 21:00",8.9
"151","1958-01-01 21:00",1.1
"152","1958-02-01 21:00",6.7
"153","1958-03-01 21:00",7.2
"154","1958-04-01 21:00",5.6
"155","1958-05-01 21:00",13.9
"156","1958-06-01 21:00",10
"157","1958-07-01 21:00",16.1
"158","1958-08-01 21:00",13.3
"159","1958-09-01 21:00",13.3
"160","1958-10-01 21:00",12.2
"161","1958-11-01 21:00",8.9
"162","1958-12-01 21:00",8.3
"163","1959-01-01 21:00",4.4
"164","1959-02-01 21:00",5.6
"165","1959-03-01 21:00",8.9
"166","1959-04-01 21:00",9.4
"167","1959-05-01 21:00",10
"168","1959-06-01 21:00",12.2
"169","1959-07-01 21:00",11.7
"170","1959-08-01 21:00",15
"171","1959-09-01 21:00",13.9
"172","1959-10-01 21:00",14.4
"173","1959-11-01 21:00",10.6
"174","1959-12-01 21:00",8.3
"175","1960-01-01 21:00",5.6
"176","1960-02-01 21:00",6.1
"177","1960-03-01 21:00",8.9
"178","1960-04-01 21:00",7.8
"179","1960-05-01 21:00",5
"180","1960-06-01 21:00",15
"181","1960-07-01 21:00",12.8
"182","1960-08-01 21:00",15
"183","1960-09-01 21:00",13.3
"184","1960-10-01 21:00",12.8
"185","1960-11-01 21:00",7.2
"186","1960-12-01 21:00",8.3
"187","1961-01-01 21:00",6.3
"188","1961-02-01 21:00",4.6
"189","1961-03-01 21:00",7.9
"190","1961-04-01 21:00",2.8
"191","1961-05-01 21:00",8.3
"192","1961-06-01 21:00",9.4
"193","1961-07-01 21:00",16.1
"194","1961-08-01 21:00",14.8
"195","1961-09-01 21:00",14.7
"196","1961-10-01 21:00",13.7
"197","1961-11-01 21:00",8.9
"198","1961-12-01 21:00",4.3
"199","1962-01-01 21:00",3.9
"200","1962-02-01 21:00",4.3
"201","1962-03-01 21:00",4.1
"202","1962-04-01 21:00",7.2
"203","1962-05-01 21:00",8.4
"204","1962-06-01 21:00",8.5
"205","1962-07-01 21:00",12.2
"206","1962-08-01 21:00",12.9
"207","1962-09-01 21:00",14.9
"208","1962-10-01 21:00",12.1
"209","1962-11-01 21:00",7.7
"210","1962-12-01 21:00",7.2
"211","1963-01-01 21:00",2.3
"212","1963-02-01 21:00",2.2
"213","1963-03-01 21:00",6.2
"214","1963-04-01 21:00",7.8
"215","1963-05-01 21:00",7
"216","1963-06-01 21:00",15.2
"217","1963-07-01 21:00",12.1
"218","1963-08-01 21:00",19.2
"219","1963-09-01 21:00",13.7
"220","1963-10-01 21:00",9
"221","1963-11-01 21:00",8.8
"222","1963-12-01 21:00",8
"223","1964-01-01 21:00",6.5
"224","1964-02-01 21:00",7.5
"225","1964-03-01 21:00",7.5
"226","1964-04-01 21:00",7
"227","1964-05-01 21:00",9.9
"228","1964-06-01 21:00",7.6
"229","1964-07-01 21:00",13
"230","1964-08-01 21:00",11.7
"231","1964-09-01 21:00",14.6
"232","1964-10-01 21:00",12.5
"233","1964-11-01 21:00",8.9
"234","1964-12-01 21:00",6.4
"235","1965-01-01 21:00",2.9
"236","1965-02-01 21:00",2.9
"237","1965-03-01 21:00",-0.7
"238","1965-04-01 21:00",6.8
"239","1965-05-01 21:00",7.3
"240","1965-06-01 21:00",10.8
"241","1965-07-01 21:00",10.4
"242","1965-08-01 21:00",10.2
"243","1965-09-01 21:00",13.5
"244","1965-10-01 21:00",13.8
"245","1965-11-01 21:00",6.8
"246","1965-12-01 21:00",1.5
"247","1966-01-01 21:00",3.7
"248","1966-02-01 21:00",2.5
"249","1966-03-01 21:00",6.8
"250","1966-04-01 21:00",2
"251","1966-05-01 21:00",13
"252","1966-06-01 21:00",10.6
"253","1966-07-01 21:00",13.4
"254","1966-08-01 21:00",13.3
"255","1966-09-01 21:00",14.5
"256","1966-10-01 21:00",10.4
"257","1966-11-01 21:00",4.2
"258","1966-12-01 21:00",5.5
"259","1967-01-01 21:00",3.8
"260","1967-02-01 21:00",6.7
"261","1967-03-01 21:00",4.5
"262","1967-04-01 21:00",4.6
"263","1967-05-01 21:00",5.6
"264","1967-06-01 21:00",10.2
"265","1967-07-01 21:00",13
"266","1967-08-01 21:00",13
"267","1967-09-01 21:00",13.1
"268","1967-10-01 21:00",13.2
"269","1967-11-01 21:00",7
"270","1967-12-01 21:00",9.3
"271","1968-01-01 21:00",3.4
"272","1968-02-01 21:00",3
"273","1968-03-01 21:00",5.4
"274","1968-04-01 21:00",-0.8
"275","1968-05-01 21:00",7.2
"276","1968-06-01 21:00",10.2
"277","1968-07-01 21:00",16.7
"278","1968-08-01 21:00",16.4
"279","1968-09-01 21:00",14.8
"280","1968-10-01 21:00",10.9
"281","1968-11-01 21:00",3.1
"282","1968-12-01 21:00",7.1
"283","1969-01-01 21:00",8.8
"284","1969-02-01 21:00",-0.9
"285","1969-03-01 21:00",3.3
"286","1969-04-01 21:00",4.4
"287","1969-05-01 21:00",8.9
"288","1969-06-01 21:00",10.1
"289","1969-07-01 21:00",11.9
"290","1969-08-01 21:00",18.5
"291","1969-09-01 21:00",13.6
"292","1969-10-01 21:00",5.8
"293","1969-11-01 21:00",5.6
"294","1969-12-01 21:00",5.5
"295","1970-01-01 21:00",4.3
"296","1970-02-01 21:00",5.4
"297","1970-03-01 21:00",4.3
"298","1970-04-01 21:00",1
"299","1970-05-01 21:00",7.8
"300","1970-06-01 21:00",11
"301","1970-07-01 21:00",12.7
"302","1970-08-01 21:00",13.6
"303","1970-09-01 21:00",13.6
"304","1970-10-01 21:00",11.5
"305","1970-11-01 21:00",6.9
"306","1970-12-01 21:00",6.2
"307","1971-01-01 21:00",2.3
"308","1971-02-01 21:00",3
"309","1971-03-01 21:00",3.7
"310","1971-04-01 21:00",6.3
"311","1971-05-01 21:00",10.8
"312","1971-06-01 21:00",12.4
"313","1971-07-01 21:00",13.7
"314","1971-08-01 21:00",14.4
"315","1971-09-01 21:00",13.9
"316","1971-10-01 21:00",13.2
"317","1971-11-01 21:00",11.8
"318","1971-12-01 21:00",6.8
"319","1972-01-01 21:00",4.8
"320","1972-02-01 21:00",2.8
"321","1972-03-01 21:00",6.6
"322","1972-04-01 21:00",6.8
"323","1972-05-01 21:00",10.3
"324","1972-06-01 21:00",11.1
"325","1972-07-01 21:00",14
"326","1972-08-01 21:00",12.5
"327","1972-09-01 21:00",13.1
"328","1972-10-01 21:00",12.7
"329","1972-11-01 21:00",10.5
"330","1972-12-01 21:00",7.5
"331","1973-01-01 21:00",9.1
"332","1973-02-01 21:00",6.6
"333","1973-03-01 21:00",6.8
"334","1973-04-01 21:00",4.1
"335","1973-05-01 21:00",5.1
"336","1973-06-01 21:00",9.8
"337","1973-07-01 21:00",14.2
"338","1973-08-01 21:00",14.5
"339","1973-09-01 21:00",13.6
"340","1973-10-01 21:00",11.1
"341","1973-11-01 21:00",9.5
"342","1973-12-01 21:00",2.8
"343","1974-01-01 21:00",5.6
"344","1974-02-01 21:00",6.3
"345","1974-03-01 21:00",4.9
"346","1974-04-01 21:00",8.6
"347","1974-05-01 21:00",12.1
"348","1974-06-01 21:00",10
"349","1974-07-01 21:00",14.8
"350","1974-08-01 21:00",13.5
"351","1974-09-01 21:00",16.2
"352","1974-10-01 21:00",9
"353","1974-11-01 21:00",5.8
"354","1974-12-01 21:00",8.5
"355","1975-01-01 21:00",6.4
"356","1975-02-01 21:00",8.4
"357","1975-03-01 21:00",6.9
"358","1975-04-01 21:00",4.9
"359","1975-05-01 21:00",6.9
"360","1975-06-01 21:00",5.7
"361","1975-07-01 21:00",14.6
"362","1975-08-01 21:00",12.3
"363","1975-09-01 21:00",15.7
"364","1975-10-01 21:00",11.2
"365","1975-11-01 21:00",10.8
"366","1975-12-01 21:00",4.8
"367","1976-01-01 21:00",1.2
"368","1976-02-01 21:00",2.8
"369","1976-03-01 21:00",3.9
"370","1976-04-01 21:00",4.1
"371","1976-05-01 21:00",7.5
"372","1976-06-01 21:00",9.9
"373","1976-07-01 21:00",12.7
"374","1976-08-01 21:00",12.6
"375","1976-09-01 21:00",10.7
"376","1976-10-01 21:00",10.9
"377","1976-11-01 21:00",8.5
"378","1976-12-01 21:00",3.3
"379","1977-01-01 21:00",0.2
"380","1977-02-01 21:00",2.9
"381","1977-03-01 21:00",4.4
"382","1977-04-01 21:00",8
"383","1977-05-01 21:00",9.2
"384","1977-06-01 21:00",13.3
"385","1977-07-01 21:00",13.3
"386","1977-08-01 21:00",13.7
"387","1977-09-01 21:00",13.3
"388","1977-10-01 21:00",8.2
"389","1977-11-01 21:00",8.5
"390","1977-12-01 21:00",6.4
"391","1978-01-01 21:00",6.9
"392","1978-02-01 21:00",4.1
"393","1978-03-01 21:00",5.7
"394","1978-04-01 21:00",8
"395","1978-05-01 21:00",7.8
"396","1978-06-01 21:00",14.7
"397","1978-07-01 21:00",12.4
"398","1978-08-01 21:00",11.2
"399","1978-09-01 21:00",12.4
"400","1978-10-01 21:00",11
"401","1978-11-01 21:00",10.4
"402","1978-12-01 21:00",4.4
"403","1979-01-01 21:00",0.8
"404","1979-02-01 21:00",-0.1
"405","1979-03-01 21:00",4.5
"406","1979-04-01 21:00",6.7
"407","1979-05-01 21:00",4
"408","1979-06-01 21:00",12.4
"409","1979-07-01 21:00",11.9
"410","1979-08-01 21:00",13.6
"411","1979-09-01 21:00",10.8
"412","1979-10-01 21:00",11.3
"413","1979-11-01 21:00",8.4
"414","1979-12-01 21:00",8.6
"415","1980-01-01 21:00",0
"416","1980-02-01 21:00",1.2
"417","1980-03-01 21:00",5.9
"418","1980-04-01 21:00",7.6
"419","1980-05-01 21:00",9.5
"420","1980-06-01 21:00",13
"421","1980-07-01 21:00",12.3
"422","1980-08-01 21:00",13.5
"423","1980-09-01 21:00",14.4
"424","1980-10-01 21:00",11.4
"425","1980-11-01 21:00",8.7
"426","1980-12-01 21:00",8.5
"427","1981-01-01 21:00",1.7
"428","1981-02-01 21:00",8.5
"429","1981-03-01 21:00",2.8
"430","1981-04-01 21:00",6.8
"431","1981-05-01 21:00",7.1
"432","1981-06-01 21:00",13.1
"433","1981-07-01 21:00",12.4
"434","1981-08-01 21:00",13.4
"435","1981-09-01 21:00",11.4
"436","1981-10-01 21:00",8
"437","1981-11-01 21:00",7.6
"438","1981-12-01 21:00",7
"439","1982-01-01 21:00",4.5
"440","1982-02-01 21:00",8.4
"441","1982-03-01 21:00",7
"442","1982-04-01 21:00",8.4
"443","1982-05-01 21:00",3.6
"444","1982-06-01 21:00",16.8
"445","1982-07-01 21:00",12.2
"446","1982-08-01 21:00",13.9
"447","1982-09-01 21:00",12.9
"448","1982-10-01 21:00",11
"449","1982-11-01 21:00",10.2
"450","1982-12-01 21:00",8.3
"451","1983-01-01 21:00",7.6
"452","1983-02-01 21:00",2.9
"453","1983-03-01 21:00",5.9
"454","1983-04-01 21:00",6.6
"455","1983-05-01 21:00",6.6
"456","1983-06-01 21:00",11.9
"457","1983-07-01 21:00",10.8
"458","1983-08-01 21:00",12.5
"459","1983-09-01 21:00",13
"460","1983-10-01 21:00",10.7
"461","1983-11-01 21:00",8.7
"462","1983-12-01 21:00",9
"463","1984-01-01 21:00",3.4
"464","1984-02-01 21:00",5.2
"465","1984-03-01 21:00",0.9
"466","1984-04-01 21:00",6.3
"467","1984-05-01 21:00",13.4
"468","1984-06-01 21:00",12.6
"469","1984-07-01 21:00",11.6
"470","1984-08-01 21:00",15.8
"471","1984-09-01 21:00",12.4
"472","1984-10-01 21:00",11.2
"473","1984-11-01 21:00",12.4
"474","1984-12-01 21:00",7.9
"475","1985-01-01 21:00",6.4
"476","1985-02-01 21:00",2.3
"477","1985-03-01 21:00",5
"478","1985-04-01 21:00",5.5
"479","1985-05-01 21:00",9.1
"480","1985-06-01 21:00",17.2
"481","1985-07-01 21:00",14.3
"482","1985-08-01 21:00",13.4
"483","1985-09-01 21:00",11.4
"484","1985-10-01 21:00",13
"485","1985-11-01 21:00",4.5
"486","1985-12-01 21:00",5.9
"487","1986-01-01 21:00",2
"488","1986-02-01 21:00",4.5
"489","1986-03-01 21:00",5.4
"490","1986-04-01 21:00",7.9
"491","1986-05-01 21:00",14.8
"492","1986-06-01 21:00",11
"493","1986-07-01 21:00",16.3
"494","1986-08-01 21:00",12
"495","1986-09-01 21:00",12.5
"496","1986-10-01 21:00",12.5
"497","1986-11-01 21:00",4.3
"498","1986-12-01 21:00",8.6
"499","1987-01-01 21:00",4.1
"500","1987-02-01 21:00",4.7
"501","1987-03-01 21:00",4.5
"502","1987-04-01 21:00",5.7
"503","1987-05-01 21:00",8.8
"504","1987-06-01 21:00",13
"505","1987-07-01 21:00",13.4
"506","1987-08-01 21:00",13.8
"507","1987-09-01 21:00",14.4
"508","1987-10-01 21:00",12
"509","1987-11-01 21:00",8.7
"510","1987-12-01 21:00",7.5
"511","1988-01-01 21:00",7.7
"512","1988-02-01 21:00",6.2
"513","1988-03-01 21:00",2.4
"514","1988-04-01 21:00",8.7
"515","1988-05-01 21:00",8.7
"516","1988-06-01 21:00",10.5
"517","1988-07-01 21:00",16.7
"518","1988-08-01 21:00",11.5
"519","1988-09-01 21:00",14
"520","1988-10-01 21:00",11.8
"521","1988-11-01 21:00",7
"522","1988-12-01 21:00",5.2
"523","1989-01-01 21:00",11
"524","1989-02-01 21:00",7.6
"525","1989-03-01 21:00",5.5
"526","1989-04-01 21:00",8.6
"527","1989-05-01 21:00",10.9
"528","1989-06-01 21:00",8.4
"529","1989-07-01 21:00",11.6
"530","1989-08-01 21:00",11.4
"531","1989-09-01 21:00",13.3
"532","1989-10-01 21:00",9.6
"533","1989-11-01 21:00",8.9
"534","1989-12-01 21:00",7.1
"535","1990-01-01 21:00",6.2
"536","1990-02-01 21:00",7.2
"537","1990-03-01 21:00",1.1
"538","1990-04-01 21:00",6
"539","1990-05-01 21:00",12
"540","1990-06-01 21:00",10.3
"541","1990-07-01 21:00",13
"542","1990-08-01 21:00",15.9
"543","1990-09-01 21:00",15.5
"544","1990-10-01 21:00",10.6
"545","1990-11-01 21:00",8.8
"546","1990-12-01 21:00",8.8
"547","1991-01-01 21:00",6.2
"548","1991-02-01 21:00",3.8
"549","1991-03-01 21:00",4
"550","1991-04-01 21:00",8.2
"551","1991-05-01 21:00",10.8
"552","1991-06-01 21:00",9
"553","1991-07-01 21:00",14.7
"554","1991-08-01 21:00",18.3
"555","1991-09-01 21:00",14.9
"556","1991-10-01 21:00",11.8
"557","1991-11-01 21:00",10.3
"558","1991-12-01 21:00",5.8
"559","1992-01-01 21:00",6.2
"560","1992-02-01 21:00",7.8
"561","1992-03-01 21:00",8.1
"562","1992-04-01 21:00",4.2
"563","1992-05-01 21:00",10.3
"564","1992-06-01 21:00",16.2
"565","1992-07-01 21:00",12
"566","1992-08-01 21:00",13
"567","1992-09-01 21:00",13.8
"568","1992-10-01 21:00",11.3
"569","1992-11-01 21:00",8.1
"570","1992-12-01 21:00",5.6
"571","1993-01-01 21:00",7.5
"572","1993-02-01 21:00",8.2
"573","1993-03-01 21:00",4.8
"574","1993-04-01 21:00",5.6
"575","1993-05-01 21:00",10.8
"576","1993-06-01 21:00",8.8
"577","1993-07-01 21:00",12.4
"578","1993-08-01 21:00",13.5
"579","1993-09-01 21:00",11.8
"580","1993-10-01 21:00",10
"581","1993-11-01 21:00",7.9
"582","1993-12-01 21:00",6.5
"583","1994-01-01 21:00",3.4
"584","1994-02-01 21:00",6.2
"585","1994-03-01 21:00",1.3
"586","1994-04-01 21:00",8.5
"587","1994-05-01 21:00",7.3
"588","1994-06-01 21:00",11.1
"589","1994-07-01 21:00",15.6
"590","1994-08-01 21:00",16.6
"591","1994-09-01 21:00",14.9
"592","1994-10-01 21:00",7.8
"593","1994-11-01 21:00",7.7
"594","1994-12-01 21:00",8.6
"595","1995-01-01 21:00",-0.1
"596","1995-02-01 21:00",5.8
"597","1995-03-01 21:00",2.9
"598","1995-04-01 21:00",6.8
"599","1995-05-01 21:00",9.7
"600","1995-06-01 21:00",11.6
"601","1995-07-01 21:00",11.9
"602","1995-08-01 21:00",18
"603","1995-09-01 21:00",15.5
"604","1995-10-01 21:00",11
"605","1995-11-01 21:00",7.7
"606","1995-12-01 21:00",8.6
"607","1996-01-01 21:00",3
"608","1996-02-01 21:00",3.1
"609","1996-03-01 21:00",5.8
"610","1996-04-01 21:00",6.4
"611","1996-05-01 21:00",7.5
"612","1996-06-01 21:00",11.3
"613","1996-07-01 21:00",12.6
"614","1996-08-01 21:00",14.2
"615","1996-09-01 21:00",13
"616","1996-10-01 21:00",9.8
"617","1996-11-01 21:00",11.9
"618","1996-12-01 21:00",7.5
"619","1997-01-01 21:00",4.1
"620","1997-02-01 21:00",5.3
"621","1997-03-01 21:00",8.1
"622","1997-04-01 21:00",7.9
"623","1997-05-01 21:00",13.3
"624","1997-06-01 21:00",12.7
"625","1997-07-01 21:00",11.2
"626","1997-08-01 21:00",14
"627","1997-09-01 21:00",16.1
"628","1997-10-01 21:00",10.9
"629","1997-11-01 21:00",10.1
"630","1997-12-01 21:00",3.7
"631","1998-01-01 21:00",7
"632","1998-02-01 21:00",2.9
"633","1998-03-01 21:00",-0.7
"634","1998-04-01 21:00",7.7
"635","1998-05-01 21:00",12.1
"636","1998-06-01 21:00",10.4
"637","1998-07-01 21:00",12.8
"638","1998-08-01 21:00",12.2
"639","1998-09-01 21:00",14.3
"640","1998-10-01 21:00",11.9
"641","1998-11-01 21:00",7.2
"642","1998-12-01 21:00",10
"643","1999-01-01 21:00",7.6
"644","1999-02-01 21:00",8.1
"645","1999-03-01 21:00",5.2
"646","1999-04-01 21:00",9.9
"647","1999-05-01 21:00",8
"648","1999-06-01 21:00",10.1
"649","1999-07-01 21:00",13.4
"650","1999-08-01 21:00",17.8
"651","1999-09-01 21:00",15
"652","1999-10-01 21:00",11.3
"653","1999-11-01 21:00",10.7
"654","1999-12-01 21:00",2.5
"655","2000-01-01 21:00",7.4
"656","2000-02-01 21:00",6.4
"657","2000-03-01 21:00",3
"658","2000-04-01 21:00",3.6
"659","2000-05-01 21:00",10
"660","2000-06-01 21:00",10.3
"661","2000-07-01 21:00",11.1
"662","2000-08-01 21:00",12.8
"663","2000-09-01 21:00",14.4
"664","2000-10-01 21:00",11.7
"665","2000-11-01 21:00",8.5
"666","2000-12-01 21:00",9.3
"667","2001-01-01 21:00",7.3
"668","2001-02-01 21:00",5.5
"669","2001-03-01 21:00",1
"670","2001-04-01 21:00",9.3
"671","2001-05-01 21:00",8.3
"672","2001-06-01 21:00",11.9
"673","2001-07-01 21:00",12.7
"674","2001-08-01 21:00",14.9
"675","2001-09-01 21:00",11.8
"676","2001-10-01 21:00",13.7
"677","2001-11-01 21:00",10.7
"678","2001-12-01 21:00",5
"679","2002-01-01 21:00",7.5
"680","2002-02-01 21:00",7.6
"681","2002-03-01 21:00",3.2
"682","2002-04-01 21:00",9
"683","2002-05-01 21:00",10.2
"684","2002-06-01 21:00",11.9
"685","2002-07-01 21:00",12.3
"686","2002-08-01 21:00",15.3
"687","2002-09-01 21:00",13.1
"688","2002-10-01 21:00",15
"689","2002-11-01 21:00",8.1
"690","2002-12-01 21:00",7.4
"691","2003-01-01 21:00",4
"692","2003-02-01 21:00",4.3
"693","2003-03-01 21:00",6.3
"694","2003-04-01 21:00",7.9
"695","2003-05-01 21:00",6.5
"696","2003-06-01 21:00",13.7
"697","2003-07-01 21:00",14.7
"698","2003-08-01 21:00",17.3
"699","2003-09-01 21:00",13.2
"700","2003-10-01 21:00",12.3
"701","2003-11-01 21:00",5.8
"702","2003-12-01 21:00",7
"703","2004-01-01 21:00",5.9
"704","2004-02-01 21:00",4
"705","2004-03-01 21:00",6.8
"706","2004-04-01 21:00",8.5
"707","2004-05-01 21:00",10
"708","2004-06-01 21:00",11.5
"709","2004-07-01 21:00",11.7
"710","2004-08-01 21:00",13.5
"711","2004-09-01 21:00",14.5
"712","2004-10-01 21:00",11.5
"713","2004-11-01 21:00",10.5
"714","2004-12-01 21:00",6.9
"715","2005-01-01 21:00",6.5
"716","2005-02-01 21:00",7.2
"717","2005-03-01 21:00",4.3
"718","2005-04-01 21:00",8.5
"719","2005-05-01 21:00",8.9
"720","2005-06-01 21:00",9.7
"721","2005-07-01 21:00",12.3
"722","2005-08-01 21:00",12.9
"723","2005-09-01 21:00",13.2
"724","2005-10-01 21:00",11.3
"725","2005-11-01 21:00",10.9
"726","2005-12-01 21:00",8.8
"727","2006-01-01 21:00",4.4
"728","2006-02-01 21:00",5.8
"729","2006-03-01 21:00",1.5
"730","2006-04-01 21:00",6.7
"731","2006-05-01 21:00",7.3
"732","2006-06-01 21:00",10
"733","2006-07-01 21:00",13.7
"734","2006-08-01 21:00",15.5
"735","2006-09-01 21:00",15.7
"736","2006-10-01 21:00",13.6
"737","2006-11-01 21:00",5.9
"738","2006-12-01 21:00",8.7
"739","2007-01-01 21:00",6.4
"740","2007-02-01 21:00",9.1
"741","2007-03-01 21:00",5.4
"742","2007-04-01 21:00",7.7
"743","2007-05-01 21:00",9.4
"744","2007-06-01 21:00",15.6
"745","2007-07-01 21:00",14.7
"746","2007-08-01 21:00",15.1
"747","2007-09-01 21:00",12.3
"748","2007-10-01 21:00",12.1
"749","2007-11-01 21:00",7.6
"750","2007-12-01 21:00",5.8
"751","2008-01-01 21:00",7.1
"752","2008-02-01 21:00",2.6
"753","2008-03-01 21:00",5.5
"754","2008-04-01 21:00",8.5
"755","2008-05-01 21:00",9.5
"756","2008-06-01 21:00",12.8
"757","2008-07-01 21:00",14.4
"758","2008-08-01 21:00",18.6
"759","2008-09-01 21:00",14.5
"760","2008-10-01 21:00",9.9
"761","2008-11-01 21:00",8
"762","2008-12-01 21:00",2
"763","2009-01-01 21:00",2.7
"764","2009-02-01 21:00",4.8
"765","2009-03-01 21:00",7.5
"766","2009-04-01 21:00",12.5
"767","2009-05-01 21:00",10.9
"768","2009-06-01 21:00",12.7
"769","2009-07-01 21:00",17.6
"770","2009-08-01 21:00",15.5
"771","2009-09-01 21:00",15.4
"772","2009-10-01 21:00",7.9
"773","2009-11-01 21:00",10.5
"774","2009-12-01 21:00",7.4
"775","2010-01-01 21:00",3.1
"776","2010-02-01 21:00",0.7
"777","2010-03-01 21:00",2.4
"778","2010-04-01 21:00",6.8
"779","2010-05-01 21:00",6.2
"780","2010-06-01 21:00",11.2
"781","2010-07-01 21:00",12.5
"782","2010-08-01 21:00",14.1
"783","2010-09-01 21:00",13.3
"784","2010-10-01 21:00",12.1
"785","2010-11-01 21:00",8.6
"786","2010-12-01 21:00",0.9
"787","2011-01-01 21:00",2.5
"788","2011-02-01 21:00",6.6
"789","2011-03-01 21:00",8.7
"790","2011-04-01 21:00",11.1
"791","2011-05-01 21:00",12
"792","2011-06-01 21:00",11.4
"793","2011-07-01 21:00",13.9
"794","2011-08-01 21:00",13.8
"795","2011-09-01 21:00",12.4
"796","2011-10-01 21:00",13.2
"797","2011-11-01 21:00",11.3
"798","2011-12-01 21:00",4.6
"799","2012-01-01 21:00",6.9
"800","2012-02-01 21:00",4.4
"801","2012-03-01 21:00",8.7
"802","2012-04-01 21:00",6.6
"803","2012-05-01 21:00",10.4
"804","2012-06-01 21:00",8.5
"805","2012-07-01 21:00",11.9
"806","2012-08-01 21:00",15.7
"807","2012-09-01 21:00",14.3
"808","2012-10-01 21:00",12.2
"809","2012-11-01 21:00",5.6
"810","2012-12-01 21:00",2.9
"811","2013-01-01 21:00",4.8
"812","2013-02-01 21:00",2.5
"813","2013-03-01 21:00",6.5
"814","2013-04-01 21:00",6.6
"815","2013-05-01 21:00",6.7
"816","2013-06-01 21:00",12.1
"817","2013-07-01 21:00",13.2
"818","2013-08-01 21:00",14.2
"819","2013-09-01 21:00",12
"820","2013-10-01 21:00",13.1
"821","2013-11-01 21:00",9.5
"822","2013-12-01 21:00",7.5
"823","2014-01-01 21:00",7.3
"824","2014-02-01 21:00",5.8
"825","2014-03-01 21:00",7.7
"826","2014-04-01 21:00",7
"827","2014-05-01 21:00",8.1
"828","2014-06-01 21:00",13.3
"829","2014-07-01 21:00",14.7
"830","2014-08-01 21:00",14.8
"831","2014-09-01 21:00",14.9
"832","2014-10-01 21:00",13
"833","2014-11-01 21:00",11.2
"834","2014-12-01 21:00",9.2
"835","2015-01-01 21:00",8.3
"836","2015-02-01 21:00",1.8
"837","2015-03-01 21:00",7.3
"838","2015-04-01 21:00",4.5
"839","2015-05-01 21:00",6.2
"840","2015-06-01 21:00",10.6
"841","2015-07-01 21:00",15
"842","2015-08-01 21:00",14.3
"843","2015-09-01 21:00",14.5
"844","2015-10-01 21:00",12.3
"845","2015-11-01 21:00",11.6
"846","2015-12-01 21:00",6.6
"847","2016-01-01 21:00",6.5
"848","2016-02-01 21:00",8.1
"849","2016-03-01 21:00",6
"850","2016-04-01 21:00",6.8
"851","2016-05-01 21:00",10.2
"852","2016-06-01 21:00",10.9
"853","2016-07-01 21:00",13
"854","2016-08-01 21:00",12.4
"855","2016-09-01 21:00",13.7
"856","2016-10-01 21:00",11
"857","2016-11-01 21:00",7.3
"858","2016-12-01 21:00",8.5
